{
  "_generated": "Generated by SweetTooth, do not edit",
  "description": "Make your desktop easy on the eye, day and night.\n\nAutomatically toggle your light and dark GTK, GNOME Shell, icon and cursor themes variants, switch backgrounds and run custom commands at sunset and sunrise.\n\nSupports Night Light, Location Services, manual schedule and on-demand switch modes.",
  "gettext-domain": "nightthemeswitcher@romainvigier.fr",
  "name": "Night Theme Switcher",
  "settings-schema": "org.gnome.shell.extensions.nightthemeswitcher",
  "shell-version": [
    "41"
  ],
  "url": "https://nightthemeswitcher.romainvigier.fr",
  "uuid": "nightthemeswitcher@romainvigier.fr",
  "version": 55
}