{
  "settings": {
    "loglevel": "warning"
  },
  "menu": [
    {
      "type": "submenu",
      "title": "Guillotine",
      "icon": "guillotine-symbolic",
      "items": [
        {
          "type": "command",
          "title": "Configuration",
          "command": "xdg-open .config/guillotine.json",
          "instancing": "singleInstance",
          "icon": "preferences-other-symbolic",
          "killOnDisable": false
        },
        {
          "type": "command",
          "title": "Dark",
          "command": "sh -c 'gsettings set org.gnome.desktop.interface icon-theme 'Papirus-Dark'",
          "instancing": "singleInstance",
          "icon": "emblem-documents-symbolic",
          "killOnDisable": false
        },
        {
          "type": "command",
          "title": "Log gnome-shell",
          "command": "gnome-terminal -e 'journalctl -f _COMM=gnome-shell' ",
          "instancing": "singleInstance",
          "icon": "emblem-documents-symbolic",
          "killOnDisable": false
        }
      ]
    }
  ]
}
