<schemalist gettext-domain="gnome-shell-extensions">
	<schema id="org.gnome.shell.extensions.fildem-global-menu" path="/org/gnome/shell/extensions/fildem-global-menu/">
		<key type="i" name="min-padding">
			<range min="0" max="50"/>
			<default>6</default>
			<summary>Button paddings (tweak this if the menu and items desynchronize)</summary>
		</key>
		<key type="b" name="show-only-when-hover">
			<default>true</default>
			<summary>Show menu only when the mouse is over the panel</summary>
		</key>
		<key type="b" name="hide-app-menu">
			<default>true</default>
			<summary>Hide the app label when showing the menu</summary>
		</key>
	</schema>
</schemalist>
