{
  "_generated": "Generated by SweetTooth, do not edit",
  "description": "A glimpse into your computer's temperature, voltage, fan speed, memory usage, processor load, system resources, network speed and storage stats. This is a one stop shop to monitor all of your vital sensors. Uses asynchronous polling to provide a smooth user experience. Feature requests or bugs? Please use GitHub.",
  "gettext-domain": "vitals",
  "name": "Vitals",
  "settings-schema": "org.gnome.shell.extensions.vitals",
  "shell-version": [
    "3.38",
    "40",
    "41",
    "42"
  ],
  "url": "https://github.com/corecoding/Vitals",
  "uuid": "Vitals@CoreCoding.com",
  "version": 52
}