<?xml version="1.0"?>
<!--
** DO NOT EDIT THIS FILE.
** If you make changes to this file while any VirtualBox related application
** is running, your changes will be overwritten later, without taking effect.
** Use VBoxManage or the VirtualBox Manager GUI to make changes.
-->
<VirtualBox xmlns="http://www.virtualbox.org/" version="1.12-linux">
  <Global>
    <ExtraData>
      <ExtraDataItem name="GUI/Details/Elements" value="general,system,preview,display,storage,audio,network,usb,sharedFolders,description"/>
      <ExtraDataItem name="GUI/GroupDefinitions/" value="n=GLOBAL,gc=base,gc=sox,gc=servei,m=96d57b77-edfb-4849-9d7c-4de55929e141"/>
      <ExtraDataItem name="GUI/GroupDefinitions/base" value="go=linux,gc=windows"/>
      <ExtraDataItem name="GUI/GroupDefinitions/base/linux" value="gc=server,gc=desktop"/>
      <ExtraDataItem name="GUI/GroupDefinitions/base/linux/desktop" value="m=f6f6691e-5c51-4346-ba20-baac3f241ab7,m=b88a09fb-5e95-46e0-bc86-a47ea8cc0ce9,m=e6838e65-2c8c-41ba-83c3-235ab0e9cf9b"/>
      <ExtraDataItem name="GUI/GroupDefinitions/base/linux/server" value="m=0e34cd5a-3f8b-4c0d-85a7-889930719095,m=b99089cf-f6a1-4a14-9b9e-87e3e392d7f9"/>
      <ExtraDataItem name="GUI/GroupDefinitions/base/windows" value="m=ed45c49c-9965-4160-b840-d06df6ba26ec,m=3b6ed451-d8f5-4523-b02b-7c4d59c2df1f,m=281c8980-7ce8-4c92-9057-ed026bc7e2ab"/>
      <ExtraDataItem name="GUI/GroupDefinitions/servei" value="m=bc7fb3dd-83c3-4cac-803b-1aae908390c6,m=be78407a-a740-4de3-8ba1-25cbf07cb082,m=1a2bedfc-c155-43dc-8bf0-93626b583708"/>
      <ExtraDataItem name="GUI/GroupDefinitions/sox" value="m=4e380a96-1507-4e90-b01f-85a9640591e7"/>
      <ExtraDataItem name="GUI/Input/MachineShortcuts" value="ToggleMenuBar=Space"/>
      <ExtraDataItem name="GUI/LastItemSelected" value="m=arch"/>
      <ExtraDataItem name="GUI/LastWindowPosition" value="403,158,1051,712"/>
      <ExtraDataItem name="GUI/RecentFolderCD" value="/home/j/Downloads"/>
      <ExtraDataItem name="GUI/RecentListCD" value="/home/j/Downloads/VBoxGuestAdditions_6.1.30.iso,/home/j/Downloads/archlinux-gui-gnome-pure-2021.10-b-x86_64.iso,/run/media/j/hdd/iso/arch/archlinux-gui-gnome-pure-2021.10-b-x86_64.iso,/run/media/j/hdd/iso/arch/archlinux-gui-zen-2021.10-x86_64.iso,/home/j/Downloads/fossapup64-9.5.iso"/>
      <ExtraDataItem name="GUI/SplitterSizes" value="350,700"/>
      <ExtraDataItem name="GUI/SuppressMessages" value="confirmGoingFullscreen,remindAboutAutoCapture,remindAboutMouseIntegration,remindAboutMouseIntegration,showRuntimeError.warning.DvdOrFloppyImageInaccessible,confirmInputCapture"/>
      <ExtraDataItem name="GUI/Toolbar" value="false"/>
      <ExtraDataItem name="GUI/Tools/LastItemsSelected" value="Welcome,Details"/>
    </ExtraData>
    <MachineRegistry>
      <MachineEntry uuid="{f6f6691e-5c51-4346-ba20-baac3f241ab7}" src="/mnt/018321bb-5457-444d-95c0-c86d447772ab/vm/base/linux/desktop/lubuntu/lubuntu.vbox"/>
      <MachineEntry uuid="{4e380a96-1507-4e90-b01f-85a9640591e7}" src="/mnt/018321bb-5457-444d-95c0-c86d447772ab/vm/sox/UbuntuServer-Sox/UbuntuServer-Sox.vbox"/>
      <MachineEntry uuid="{bc7fb3dd-83c3-4cac-803b-1aae908390c6}" src="/mnt/018321bb-5457-444d-95c0-c86d447772ab/vm/servei/windows-server-22-servei/windows-server-22-servei.vbox"/>
      <MachineEntry uuid="{be78407a-a740-4de3-8ba1-25cbf07cb082}" src="/mnt/018321bb-5457-444d-95c0-c86d447772ab/vm/servei/windows-servei/windows-servei.vbox"/>
      <MachineEntry uuid="{1a2bedfc-c155-43dc-8bf0-93626b583708}" src="/mnt/018321bb-5457-444d-95c0-c86d447772ab/vm/servei/mint-servei/mint-servei.vbox"/>
      <MachineEntry uuid="{e6838e65-2c8c-41ba-83c3-235ab0e9cf9b}" src="/mnt/018321bb-5457-444d-95c0-c86d447772ab/vm/base/linux/desktop/mint/mint.vbox"/>
      <MachineEntry uuid="{0e34cd5a-3f8b-4c0d-85a7-889930719095}" src="/mnt/018321bb-5457-444d-95c0-c86d447772ab/vm/base/linux/server/ubuntu_server_2004_no_part/ubuntu_server_2004_no_part.vbox"/>
      <MachineEntry uuid="{b99089cf-f6a1-4a14-9b9e-87e3e392d7f9}" src="/mnt/018321bb-5457-444d-95c0-c86d447772ab/vm/base/linux/server/UbuntuServer-base-1804-part/UbuntuServer-base-1804-part.vbox"/>
      <MachineEntry uuid="{ed45c49c-9965-4160-b840-d06df6ba26ec}" src="/mnt/018321bb-5457-444d-95c0-c86d447772ab/vm/base/windows/windows-base-domini/windows-base-domini.vbox"/>
      <MachineEntry uuid="{3b6ed451-d8f5-4523-b02b-7c4d59c2df1f}" src="/mnt/018321bb-5457-444d-95c0-c86d447772ab/vm/base/windows/windows-base-sense-domini/windows-base-sense-domini.vbox"/>
      <MachineEntry uuid="{281c8980-7ce8-4c92-9057-ed026bc7e2ab}" src="/mnt/018321bb-5457-444d-95c0-c86d447772ab/vm/base/windows/windows-server-22-domini-configurat/windows-server-22-domini-configurat.vbox"/>
      <MachineEntry uuid="{96d57b77-edfb-4849-9d7c-4de55929e141}" src="/mnt/018321bb-5457-444d-95c0-c86d447772ab/vm/arch/arch.vbox"/>
      <MachineEntry uuid="{b88a09fb-5e95-46e0-bc86-a47ea8cc0ce9}" src="/mnt/018321bb-5457-444d-95c0-c86d447772ab/vm/base/linux/desktop/arch Clone/arch Clone.vbox"/>
    </MachineRegistry>
    <NetserviceRegistry>
      <DHCPServers>
        <DHCPServer networkName="HostInterfaceNetworking-vboxnet0" IPAddress="192.168.56.100" networkMask="255.255.255.0" lowerIP="192.168.56.101" upperIP="192.168.56.254" enabled="1"/>
      </DHCPServers>
    </NetserviceRegistry>
    <SystemProperties defaultMachineFolder="/mnt/018321bb-5457-444d-95c0-c86d447772ab/vm" defaultHardDiskFormat="VDI" VRDEAuthLibrary="VBoxAuth" webServiceAuthLibrary="VBoxAuth" LogHistoryCount="3" proxyMode="0" exclusiveHwVirt="true"/>
    <USBDeviceFilters/>
  </Global>
</VirtualBox>
