<metadata>
 <document uri="file:///home/j/.config/VirtualBox/VirtualBox.xml" atime="1638548373073">
  <entry key="gedit-position" value="0"/>
 </document>
 <document uri="file:///home/j/.config/Trolltech.conf" atime="1638651191819">
  <entry key="gedit-position" value="120"/>
 </document>
 <document uri="file:///home/j/.config/mimeapps.list" atime="1638651135477">
  <entry key="gedit-position" value="0"/>
 </document>
 <document uri="file:///home/j/.mozilla/firefox/cz8slumt.default-release/chrome/userChrome.css" atime="1638471977766">
  <entry key="gedit-encoding" value="UTF-8"/>
  <entry key="gedit-position" value="46"/>
 </document>
 <document uri="file:///home/j/.config/qt5ct/qt5ct.conf" atime="1638651171816">
  <entry key="gedit-position" value="0"/>
 </document>
 <document uri="file:///home/j/.local/share/gnome-shell/application_state" atime="1638651508879">
  <entry key="gedit-position" value="0"/>
 </document>
 <document uri="file:///home/j/.config/gtk-4.0/settings.ini" atime="1638651025638">
  <entry key="gedit-position" value="0"/>
 </document>
 <document uri="file:///home/j/.fonts.conf" atime="1638549292887">
  <entry key="gedit-position" value="109"/>
 </document>
 <document uri="file:///home/j/.config/gtk-3.0/window_decorations.css" atime="1638650334274">
  <entry key="gedit-position" value="0"/>
 </document>
 <document uri="file:///home/j/.config/akregatorrc" atime="1638651000723">
  <entry key="gedit-position" value="0"/>
 </document>
 <document uri="file:///home/j/.config/gtkrc" atime="1638650263037">
  <entry key="gedit-position" value="0"/>
 </document>
 <document uri="file:///home/j/.config/gtk-3.0/gtk.css" atime="1638650276964">
  <entry key="gedit-position" value="194"/>
 </document>
 <document uri="file:///home/j/.config/xsettingsd/xsettingsd.conf" atime="1638651230262">
  <entry key="gedit-position" value="0"/>
 </document>
 <document uri="file:///home/j/.config/monitors.xml" atime="1638651143449">
  <entry key="gedit-position" value="0"/>
 </document>
 <document uri="file:///home/j/.profile" atime="1638401119101">
  <entry key="gedit-encoding" value="UTF-8"/>
  <entry key="gedit-position" value="68"/>
 </document>
 <document uri="file:///home/j/.config/user-dirs.dirs" atime="1638651203136">
  <entry key="gedit-position" value="0"/>
 </document>
 <document uri="file:///home/j/.gtkrc-2.0" atime="1638400476993">
  <entry key="gedit-encoding" value="UTF-8"/>
  <entry key="gedit-position" value="32"/>
 </document>
 <document uri="file:///home/j/.config/guillotine.json" atime="1638547092271">
  <entry key="gedit-encoding" value="UTF-8"/>
  <entry key="gedit-position" value="604"/>
 </document>
 <document uri="file:///home/j/.local/share/gvfs-metadata/root-cf4a9d37.log" atime="1638651534974">
  <entry key="gedit-position" value="0"/>
 </document>
 <document uri="file:///home/j/.local/share/gnome-settings-daemon/input-sources-converted" atime="1638651496785">
  <entry key="gedit-position" value="0"/>
 </document>
 <document uri="file:///home/j/.config/gnome-control-center/backgrounds/last-edited.xml" atime="1638651016697">
  <entry key="gedit-position" value="162"/>
 </document>
 <document uri="file:///home/j/.local/share/gnome-shell/extensions/fildemGMenu&#x40;gonza.com/metadata.json" atime="1638534911835">
  <entry key="gedit-encoding" value="UTF-8"/>
  <entry key="gedit-position" value="198"/>
 </document>
 <document uri="file:///home/j/.local/share/gnome-shell/gnome-overrides-migrated" atime="1638651503748">
  <entry key="gedit-position" value="0"/>
 </document>
 <document uri="file:///home/j/.wget-hsts" atime="1638536356244">
  <entry key="gedit-position" value="0"/>
 </document>
 <document uri="file:///home/j/.zshrc" atime="1638535140814">
  <entry key="gedit-encoding" value="UTF-8"/>
  <entry key="gedit-position" value="402"/>
 </document>
 <document uri="file:///home/j/.config/VirtualBox/VirtualBox.xml-prev" atime="1638548377305">
  <entry key="gedit-position" value="0"/>
 </document>
 <document uri="file:///home/j/.config/fontconfig/fonts.conf" atime="1638651075664">
  <entry key="gedit-position" value="257"/>
 </document>
 <document uri="file:///home/j/.config/gtk-4.0/gtk.css" atime="1638651028280">
  <entry key="gedit-position" value="0"/>
 </document>
 <document uri="file:///home/j/.mozilla/firefox/cz8slumt.default-release/chrome/firefox-gnome-theme/userChrome.css" atime="1638472063841">
  <entry key="gedit-encoding" value="UTF-8"/>
  <entry key="gedit-position" value="1204"/>
 </document>
 <document uri="file:///home/j/.config/gtkrc-2.0" atime="1638650259956">
  <entry key="gedit-position" value="0"/>
 </document>
 <document uri="file:///home/j/.bash_history" atime="1638398882586">
  <entry key="gedit-position" value="1055"/>
 </document>
 <document uri="file:///home/j/.config/powermanagementprofilesrc" atime="1638651159659">
  <entry key="gedit-position" value="0"/>
 </document>
 <document uri="file:///home/j/.config/VirtualBox/selectorwindow.log.4" atime="1638548362784">
  <entry key="gedit-position" value="0"/>
 </document>
 <document uri="file:///home/j/.config/user-dirs.locale" atime="1638651217911">
  <entry key="gedit-position" value="0"/>
 </document>
 <document uri="file:///home/j/.config/gtk-3.0/settings.ini" atime="1638650326367">
  <entry key="gedit-encoding" value="UTF-8"/>
  <entry key="gedit-position" value="134"/>
 </document>
 <document uri="file:///run/media/j/EG/home/j/setup/a.sh" atime="1638398419910">
  <entry key="gedit-position" value="0"/>
 </document>
</metadata>
