{
  "_generated": "Generated by SweetTooth, do not edit",
  "description": "Organize the items of the top (menu)bar.\nThis extension required Gnome Shell version 40.\nOrganize the items by going into the extensions settings.\n\nManjaro stable now seems to work with this extension. Just be sure to have an updated system!",
  "name": "Top Bar Organizer",
  "settings-schema": "org.gnome.shell.extensions.top-bar-organizer",
  "shell-version": [
    "40"
  ],
  "url": "https://gitlab.gnome.org/julianschacher/top-bar-organizer",
  "uuid": "top-bar-organizer@julian.gse.jsts.xyz",
  "version": 3
}