{
  "_generated": "Generated by SweetTooth, do not edit",
  "description": "Application Menu for GNOME, with various layouts to choose from!\n\nSupports GNOME shell 3.36, 3.38, and 40.\n\nFor GNOME shell versions 3.14-3.34 visit https://extensions.gnome.org/extension/1228/arc-menu/\n\nCommon solutions for ERROR message:\n-Restart your GNOME session after updating ArcMenu.\n-Make sure package 'gir1.2-gmenu-3.0' is installed.\n\nGeneral Help:\n-Visit https://gitlab.com/arcmenu/ArcMenu/-/wikis/home\n\nPlease report any other issues or concerns on the ArcMenu GitLab page.",
  "extension-id": "arcmenu",
  "gettext-domain": "arcmenu",
  "name": "ArcMenu",
  "settings-schema": "org.gnome.shell.extensions.arcmenu",
  "shell-version": [
    "40"
  ],
  "url": "https://gitlab.com/arcmenu/ArcMenu",
  "uuid": "arcmenu@arcmenu.com",
  "version": 16
}