<schemalist gettext-domain="gnome-shell-extensions">
  <schema id="org.gnome.shell.extensions.arrangeWindows" path="/org/gnome/shell/extensions/arrangeWindows/">
    <key name="all-monitors" type="b">
      <default>false</default>
      <summary>Windows on all monitors</summary>
      <description>
      </description>
    </key>
    <key name="column" type="i">
      <default>1</default>
      <summary>column number when tiling</summary>
      <description>
      </description>
    </key>
    <key name="arrangewindow-cascade" type="as">
      <default><![CDATA[['<Control><Alt>1']]]></default>
      <summary>Key to cascade</summary>
      <description>
      </description>
    </key>
    <key name="arrangewindow-tile" type="as">
      <default><![CDATA[['<Control><Alt>2']]]></default>
      <summary>Key to tile</summary>
      <description>
      </description>
    </key>
    <key name="arrangewindow-sidebyside" type="as">
      <default><![CDATA[['<Control><Alt>3']]]></default>
      <summary>Key to side by side</summary>
      <description>
      </description>
    </key>
    <key name="arrangewindow-stack" type="as">
      <default><![CDATA[['<Control><Alt>4']]]></default>
      <summary>Key to stack</summary>
      <description>
      </description>
    </key>
  </schema>
</schemalist>
