{
  "_generated": "Generated by SweetTooth, do not edit",
  "description": "supergfxctl-gex is a frontend for supergfxctl that was born inside the asus-linux.org community. supergfxctl is required for this extension to work. It is tested on a variaty of laptops including Intel / Nvidia, AMD / Nvidia, Intel / AMD and AMD / AMD GPU combinations.\n\nIt is a platform agnostic tool for hybrid graphics laptops.\n\nsupergfxctl gets packages by the community for Fedora and Arch. But without much of a hastle can be compiled for every systemd based Linux distribution.\n\nTo learn more about it, please have a look at:\n\nhttps://gitlab.com/asus-linux/supergfxctl\nhttps://asus-linux.org/",
  "name": "supergfxctl-gex",
  "settings-schema": "org.gnome.shell.extensions.supergfxctl-gex",
  "shell-version": [
    "43",
    "44"
  ],
  "url": "https://gitlab.com/asus-linux/supergfxctl-gex",
  "uuid": "supergfxctl-gex@asus-linux.org",
  "uuid-dev": "supergfxctl-gex-dev@asus-linux.org",
  "version": 30
}