{
  "_generated": "Generated by SweetTooth, do not edit",
  "description": "Resize windows for GNOME Software screenshots",
  "extension-id": "screenshot-window-sizer",
  "gettext-domain": "gnome-shell-extensions",
  "name": "Screenshot Window Sizer",
  "settings-schema": "org.gnome.shell.extensions.screenshot-window-sizer",
  "shell-version": [
    "40"
  ],
  "url": "https://gitlab.gnome.org/GNOME/gnome-shell-extensions",
  "uuid": "screenshot-window-sizer@gnome-shell-extensions.gcampax.github.com",
  "version": 25
}