{
    "added": [
        {
            "title": "Added a Panel Indicator for the layouts",
            "subtitle": "Activate a layout with your pointer or change your 'Favorite Layout' (per monitor). The indicator is disabled by default."
        },
        {
            "title": "Added a setting to group tileGroups in the AppSwitcher (altTab) and Tiling Popup",
            "subtitle": ""
        },
        {
            "title": "When dnd-ing a window, hold Super to make the tile preview span multiple rectangles",
            "subtitle": "This only works in the 'Favorite Layout' or 'Split Tiles' preview modes."
        },
        {
            "title": "Added a (hidden) setting to not adapt the Edge-Tiling to the favorite layouts",
            "subtitle": ""
        }
    ],
    "removed": [
        {
            "title": "Removed the 'Change favorite layouts' keyboard shortcut",
            "subtitle": "This is replaced by the Panel Indicator."
        },
        {
            "title": "Removed the favorite button from the 'Layouts' in the preferences",
            "subtitle": "This is replaced by the Panel Indicator."
        }
    ],
    "changed": [
        {
            "title": "Show the entire Layout when moving a window with the 'Favorite Layout' preview mode",
            "subtitle": ""
        },
        {
            "title": "Updated the jp translation (by k-fog #112)",
            "subtitle": ""
        },
        {
            "title": "Untile tiled windows, if they are moved to a new monitor or workspace (#114)",
            "subtitle": ""
        },
        {
            "title": "Tile Editing Mode: 'Space' will always open the Tiling Popup",
            "subtitle": ""
        },
        {
            "title": "Visual tweaks to the preference window",
            "subtitle": ""
        }
    ],
    "fixed": [
        {
            "title": "The Tiling Popup will appear on the correct monitor during the 'Grace Period'",
            "subtitle": "When dragging a window to a new monitor there is a short 'Grace Period' (150 ms), in which, if the grab is released on the window, the window will tile to the old monitor."
        },
        {
            "title": "Fixed artifacts due to the rounded corners of the Changelog window",
            "subtitle": "This only works on Wayland."
        },
        {
            "title": "Fixed animations being skipped, if an animation was already running (#58)",
            "subtitle": ""
        }
    ]
}