<!DOCTYPE node PUBLIC "-//freedesktop//DTD D-BUS Object Introspection 1.0//EN"
                      "http://www.freedesktop.org/standards/dbus/1.0/introspect.dtd">
<!-- GDBus 2.70.2 -->
<node name="/net/hadess/PowerProfiles">
  <interface name="net.hadess.PowerProfiles">
    <method name="HoldProfile">
      <arg type="s" name="profile" direction="in">
      </arg>
      <arg type="s" name="reason" direction="in">
      </arg>
      <arg type="s" name="application_id" direction="in">
      </arg>
      <arg type="u" name="cookie" direction="out">
      </arg>
    </method>
    <method name="ReleaseProfile">
      <arg type="u" name="cookie" direction="in">
      </arg>
    </method>
    <signal name="ProfileReleased">
      <arg type="u" name="cookie">
      </arg>
    </signal>
    <property type="s" name="ActiveProfile" access="readwrite">
    </property>
    <property type="s" name="PerformanceInhibited" access="read">
    </property>
    <property type="s" name="PerformanceDegraded" access="read">
    </property>
    <property type="aa{sv}" name="Profiles" access="read">
    </property>
    <property type="as" name="Actions" access="read">
    </property>
    <property type="aa{sv}" name="ActiveProfileHolds" access="read">
    </property>
  </interface>
</node>