<!DOCTYPE node PUBLIC "-//freedesktop//DTD D-BUS Object Introspection 1.0//EN" "http://www.freedesktop.org/standards/dbus/1.0/introspect.dtd">
<node>
  <interface name="org.asuslinux.Daemon">
    <!--
      Method
      ActiveFanCurveData
      (
        Struct of (
          Struct of (
            UInt32,
            Struct of (
              Byte,
              Byte,
              Byte,
              Byte,
              Byte,
              Byte,
              Byte,
              Byte
            ),
            Struct of (
              Byte,
              Byte,
              Byte,
              Byte,
              Byte,
              Byte,
              Byte,
              Byte
            )
          ),
          Struct of (
            UInt32,
            Struct of (
              Byte,
              Byte,
              Byte,
              Byte,
              Byte,
              Byte,
              Byte,
              Byte
            ),
            Struct of (
              Byte,
              Byte,
              Byte,
              Byte,
              Byte,
              Byte,
              Byte,
              Byte
            )
          )
        )
        arg_0
      )
    -->
    <method name="ActiveFanCurveData">
      <arg type="((u(yyyyyyyy)(yyyyyyyy))(u(yyyyyyyy)(yyyyyyyy)))" direction="out"/>
    </method>
    <!--
      Method
      ActiveProfile
      () ↦ (UInt32 arg_0)
     -->
    <method name="ActiveProfile">
      <arg type="u" direction="out"/>
    </method>
    <!--
      Method
      EnabledFanProfiles
      () ↦ (Array of [UInt32] arg_0)
     -->
    <method name="EnabledFanProfiles">
      <arg type="(u)" direction="out"/>
    </method>
    <!--
      Method
      FanCurves
      () ↦ (
        Array of [
          Struct of (
            Struct of (
              UInt32,
              Struct of (
                Byte,
                Byte,
                Byte,
                Byte,
                Byte,
                Byte,
                Byte,
                Byte
              ),
              Struct of (
                Byte,
                Byte,
                Byte,
                Byte,
                Byte,
                Byte,
                Byte,
                Byte
              )
            ),
            Struct of (
              UInt32,
              Struct of (
                Byte,
                Byte,
                Byte,
                Byte,
                Byte,
                Byte,
                Byte,
                Byte
              ),
              Struct of (
                Byte,
                Byte,
                Byte,
                Byte,
                Byte,
                Byte,
                Byte,
                Byte
              )
            )
          )
        ]
        arg_0
      )
     -->
    <method name="FanCurves">
      <arg type="(((u(yyyyyyyy)(yyyyyyyy))(u(yyyyyyyy)(yyyyyyyy))))" direction="out"/>
    </method>
    <!--
      Method
      NextProfile (no args)
     -->
    <method name="NextProfile"></method>
    <!--
      Method
      Profiles
       () ↦ (Array of [UInt32] arg_0)
     -->
    <method name="Profiles">
      <arg type="(u)" direction="out"/>
    </method>
    <!--
      Method
      SetActiveProfile
      (UInt32 profile) ↦ ()
     -->
    <method name="SetActiveProfile">
      <arg name="profile" type="u" direction="in"/>
    </method>
    <!--
      Method
      SetEnabledFanProfiles
      (Array of [UInt32] profiles) ↦ ()
    -->
    <method name="SetEnabledFanProfiles">
      <arg name="profiles" type="(u)" direction="in"/>
    </method>
    <!--
      Method
      SetFanCurve
      (
        Struct of (
          UInt32,
          Struct of (
            Byte, Byte, Byte, Byte, Byte, Byte, Byte, Byte
          ),
          Struct of (
            Byte, Byte, Byte, Byte, Byte, Byte, Byte, Byte
            )
        )
        curve
      ) ↦ ()
    -->
    <method name="SetFanCurve">
      <arg name="curve" type="(u(uuuuuuuu)(uuuuuuuu))" direction="in"/>
    </method>
    <!--
      Signal
      NotifyProfile
    -->
    <signal name="NotifyProfile">
      <arg name="profile" type="u"/>
    </signal>
  </interface>
</node>
