
<!DOCTYPE node PUBLIC "-//freedesktop//DTD D-BUS Object Introspection 1.0//EN"
 "http://www.freedesktop.org/standards/dbus/1.0/introspect.dtd">
<node name="/org/supergfxctl/Gfx">
  <interface name="org.supergfxctl.Daemon">
    <method name="Vendor">
      <arg type="u" direction="out"/>
    </method>
    <method name="Power">
      <arg type="u" direction="out"/>
    </method>
    <method name="SetVendor">
      <arg name="vendor" type="u" direction="in"/>
      <arg type="u" direction="out"/>
    </method>
    <signal name="NotifyGfx">
      <arg name="vendor" type="u"/>
    </signal>
    <signal name="NotifyAction">
      <arg name="action" type="u"/>
    </signal>
  </interface>
</node>
