
<!DOCTYPE node PUBLIC "-//freedesktop//DTD D-BUS Object Introspection 1.0//EN"
 "http://www.freedesktop.org/standards/dbus/1.0/introspect.dtd">
<node name="/org/asuslinux/Anime">
  <interface name="org.asuslinux.Daemon">
    <!--
     Writes a data stream of length. Will force system thread to exit until it is restarted
     -->
    <method name="Write">
      <arg name="input" type="ay" direction="in"/>
    </method>
    <!--
     Set the global AniMe brightness
     -->
    <method name="SetBrightness">
      <arg name="bright" type="d" direction="in"/>
    </method>
    <!--
     Set whether the AniMe is displaying images/data
     -->
    <method name="SetOnOff">
      <arg name="status" type="b" direction="in"/>
    </method>
    <!--
     Set whether the AniMe will show boot, suspend, or off animations
     -->
    <method name="SetBootOnOff">
      <arg name="on" type="b" direction="in"/>
    </method>
    <!--
     The main loop is the base system set action if the user isn't running
     the user daemon
     -->
    <method name="RunMainLoop">
      <arg name="start" type="b" direction="in"/>
    </method>
    <!--
     Notify listeners of the status of AniMe LED power and factory system-status animations
     -->
    <signal name="NotifyPowerStates">
      <arg name="data" type="(bb)"/>
    </signal>
    <!--
     Get status of if the AniMe LEDs are on
     -->
    <property name="AwakeEnabled" type="b" access="read"/>
    <!--
     Get the status of if factory system-status animations are enabled
     -->
    <property name="BootEnabled" type="b" access="read"/>
  </interface>
</node>
