<?xml version="1.0" encoding="UTF-8"?>

<channel name="xfce4-panel" version="1.0">
  <property name="configver" type="int" value="2"/>
  <property name="panels" type="array">
    <value type="int" value="1"/>
    <value type="int" value="2"/>
    <property name="dark-mode" type="bool" value="true"/>
    <property name="panel-1" type="empty">
      <property name="position" type="string" value="p=6;x=0;y=0"/>
      <property name="length" type="uint" value="100"/>
      <property name="position-locked" type="bool" value="true"/>
      <property name="icon-size" type="uint" value="16"/>
      <property name="size" type="uint" value="26"/>
      <property name="plugin-ids" type="array">
        <value type="int" value="7"/>
      </property>
      <property name="background-style" type="uint" value="1"/>
      <property name="background-rgba" type="array">
        <value type="double" value="0.133333"/>
        <value type="double" value="0.133333"/>
        <value type="double" value="0.133333"/>
        <value type="double" value="1.000000"/>
      </property>
      <property name="disable-struts" type="bool" value="true"/>
      <property name="mode" type="uint" value="0"/>
      <property name="output-name" type="string" value="HDMI-1"/>
    </property>
    <property name="panel-2" type="empty">
      <property name="position" type="string" value="p=6;x=960;y=14"/>
      <property name="size" type="uint" value="25"/>
      <property name="length" type="uint" value="100"/>
      <property name="disable-struts" type="bool" value="false"/>
      <property name="background-style" type="uint" value="1"/>
      <property name="background-rgba" type="array">
        <value type="double" value="0.133333"/>
        <value type="double" value="0.133333"/>
        <value type="double" value="0.133333"/>
        <value type="double" value="1.000000"/>
      </property>
      <property name="position-locked" type="bool" value="true"/>
      <property name="span-monitors" type="bool" value="false"/>
      <property name="plugin-ids" type="array">
        <value type="int" value="5"/>
      </property>
    </property>
  </property>
  <property name="plugins" type="empty">
    <property name="plugin-7" type="string" value="appmenu">
      <property name="plugins" type="empty">
        <property name="plugin-7" type="empty">
          <property name="compact-mode" type="bool" value="false"/>
          <property name="bold-application-name" type="bool" value="true"/>
          <property name="expand" type="bool" value="false"/>
        </property>
      </property>
    </property>
    <property name="plugin-5" type="string" value="appmenu">
      <property name="plugins" type="empty">
        <property name="plugin-5" type="empty">
          <property name="compact-mode" type="bool" value="false"/>
          <property name="bold-application-name" type="bool" value="true"/>
          <property name="expand" type="bool" value="false"/>
        </property>
      </property>
    </property>
  </property>
</channel>
