
<!DOCTYPE node PUBLIC "-//freedesktop//DTD D-BUS Object Introspection 1.0//EN"
 "http://www.freedesktop.org/standards/dbus/1.0/introspect.dtd">
<node name="/org/asuslinux/Led">
  <interface name="org.asuslinux.Daemon">
    <!--
     Set the keyboard brightness level (0-3)
     -->
    <method name="SetBrightness">
      <arg name="brightness" type="u" direction="in"/>
    </method>
    <!--
     Set the keyboard LED to enabled while the device is awake
     -->
    <method name="SetAwakeEnabled">
      <arg name="enabled" type="b" direction="in"/>
    </method>
    <!--
     Set the keyboard LED suspend animation to enabled while the device is suspended
     -->
    <method name="SetSleepEnabled">
      <arg name="enabled" type="b" direction="in"/>
    </method>
    <method name="SetLedMode">
      <arg name="effect" type="(uu(yyy)(yyy)uu)" direction="in"/>
    </method>
    <method name="NextLedMode">
    </method>
    <method name="PrevLedMode">
    </method>
    <method name="NextLedBrightness">
    </method>
    <method name="PrevLedBrightness">
    </method>
    <signal name="NotifyLed">
      <arg name="data" type="(uu(yyy)(yyy)uu)"/>
    </signal>
    <signal name="NotifyPowerStates">
      <arg name="data" type="(bb)"/>
    </signal>
    <property name="SleepEnabled" type="b" access="read"/>
    <property name="AwakeEnabled" type="b" access="read"/>
    <!--
     Return a list of available modes
     -->
    <property name="LedModes" type="s" access="read"/>
    <!--
     Return the current LED brightness
     -->
    <property name="LedBrightness" type="n" access="read"/>
    <!--
     Return the current mode data
     -->
    <property name="LedMode" type="s" access="read"/>
  </interface>
</node>
